<?xml version="1.0" encoding="UTF-8"?>
<config xmlns="http://www.knime.org/2008/09/XMLConfig" xmlns:xsi="http://www.w3.org/2001/XMLSchema-instance" xsi:schemaLocation="http://www.knime.org/2008/09/XMLConfig http://www.knime.org/XMLConfig_2008_09.xsd" key="content">
<entry key="version" type="xint" value="1"/>
<entry key="port_spec_class" type="xstring" value="org.knime.ext.h2o.ports.H2OModelPortObjectSpec"/>
<entry key="port_object_class" type="xstring" value="org.knime.ext.h2o.ports.H2OModelPortObject"/>
<config key="filestores">
<entry key="handlerUUID" type="xstring" value="33f27a2c-c74f-4fcc-b7e7-38f43a91d05d"/>
<config key="port_file_store_keys">
<config key="filestore_key_0">
<entry key="storeUUID" type="xstring" value="33f27a2c-c74f-4fcc-b7e7-38f43a91d05d"/>
<entry key="index" type="xint" value="0"/>
<entry key="name" type="xstring" value="0_0_0_0_6d7635fe-1d6f-4494-a1a4-d1af5b611599"/>
<entry key="iterationIndex" type="xint" value="-1"/>
</config>
</config>
</config>
</config>
