"activity","ID","SlogP","SMR","LabuteASA","TPSA","AMW","ExactMW","NumLipinskiHBA","NumLipinskiHBD","NumRotatableBonds","NumHBD","NumHBA","NumAmideBonds","NumHeteroAtoms","NumHeavyAtoms","NumAtoms","NumStereocenters","NumUnspecifiedStereocenters","NumRings","NumAromaticRings","NumSaturatedRings","NumAliphaticRings","NumAromaticHeterocycles","NumSaturatedHeterocycles","NumAliphaticHeterocycles","NumAromaticCarbocycles","NumSaturatedCarbocycles","NumAliphaticCarbocycles","FractionCSP3","Chi0v","Chi1v","Chi2v","Chi3v","Chi4v","Chi1n","Chi2n","Chi3n","Chi4n","HallKierAlpha","kappa1","kappa2","kappa3","slogp_VSA1","slogp_VSA2","slogp_VSA3","slogp_VSA4","slogp_VSA5","slogp_VSA6","slogp_VSA7","slogp_VSA8","slogp_VSA9","slogp_VSA10","slogp_VSA11","slogp_VSA12","smr_VSA1","smr_VSA2","smr_VSA3","smr_VSA4","smr_VSA5","smr_VSA6","smr_VSA7","smr_VSA8","smr_VSA9","smr_VSA10","peoe_VSA1","peoe_VSA2","peoe_VSA3","peoe_VSA4","peoe_VSA5","peoe_VSA6","peoe_VSA7","peoe_VSA8","peoe_VSA9","peoe_VSA10","peoe_VSA11","peoe_VSA12","peoe_VSA13","peoe_VSA14","MQN1","MQN2","MQN3","MQN4","MQN5","MQN6","MQN7","MQN8","MQN9","MQN10","MQN11","MQN12","MQN13","MQN14","MQN15","MQN16","MQN17","MQN18","MQN19","MQN20","MQN21","MQN22","MQN23","MQN24","MQN25","MQN26","MQN27","MQN28","MQN29","MQN30","MQN31","MQN32","MQN33","MQN34","MQN35","MQN36","MQN37","MQN38","MQN39","MQN40","MQN41","MQN42"
0,"LCPDWSOZIOUXRV-UHFFFAOYSA-N",1.1500000000000001,39.57280000000002,64.23058843003683,46.53,152.14899999999997,152.047344116,3,1,3,1,2,0,3,11,19,0,0,1,1,0,0,0,0,0,1,0,0,0.125,5.857568303562362,3.184767215924888,1.995466207403308,1.1055159030209667,0.6617912497856806,3.184767215924888,1.995466207403308,1.1055159030209667,0.6617912497856806,-1.51,7.595374077976819,3.607707076422454,2.708675792549771,4.736862953800049,17.682714647305474,4.794537184071822,0.0,0.0,30.33183534230805,0.0,0.0,0.0,0.0,5.749511833283905,0.0,14.637927532712578,0.0,0.0,0.0,0.0,6.606881964512918,30.33183534230805,0.0,5.749511833283905,5.969305287951849,9.843390348640755,0.0,4.794537184071822,0.0,0.0,18.19910120538483,12.13273413692322,0.0,0.0,5.749511833283905,6.606881964512918,0.0,0.0,5.969305287951849,8,0,0,0,0,0,0,0,0,3,0,11,4,1,0,3,3,0,3,6,3,1,1,0,0,2,2,1,0,5,1,0,0,0,0,1,0,0,0,0,0,0
0,"ARKIFHPFTHVKDT-UHFFFAOYSA-N",1.7974,43.10090000000002,68.97578517083375,60.209999999999994,165.148,165.042593084,4,0,2,0,3,0,4,12,19,0,0,1,1,0,0,0,0,0,1,0,0,0.125,6.4813595436500515,3.3642465196979403,2.363624350968869,1.4634990602657,0.8384644790926635,3.3642465196979403,2.363624350968869,1.4634990602657,0.8384644790926635,-1.71,8.38718172983479,3.126513566573834,1.6602267940539053,0.0,10.70655599518261,0.0,10.114318268765572,17.281725875459443,24.26546827384644,0.0,0.0,0.0,5.687386274683562,0.0,0.0,9.717848232889493,0.0,0.0,0.0,6.923737199690624,0.0,39.94323803430901,0.0,0.0,11.470631221048501,0.0,14.908855452837393,0.0,0.0,0.0,12.13273413692322,6.923737199690624,17.696185628620217,4.923311048817671,0.0,5.783244946364939,0.0,5.687386274683562,0.0,8,0,0,0,0,0,0,1,0,3,0,12,4,2,0,3,3,0,2,8,4,0,0,1,1,4,0,2,0,4,2,0,0,0,0,1,0,0,0,0,0,0
0,"YLRFCQOZQXIBAB-RBZZARIASA-N",3.332200000000002,89.07260000000005,142.87574856242597,57.53,336.4470000000001,336.210073008,3,2,0,2,3,0,4,24,53,7,7,4,0,3,4,0,0,0,0,3,4,0.85,14.939788499537345,9.394132899899043,9.437625842274514,8.604254324673242,6.791062146186477,9.394132899899043,9.437625842274514,8.604254324673242,6.791062146186477,-0.74,16.713622425925294,4.701543119221814,1.7185038372287482,0.0,33.37007675352402,4.794537184071822,22.665793031116348,65.71696295955394,11.64912463690315,0.0,0.0,0.0,4.39041504767482,0.0,0.0,19.398007021428054,0.0,0.0,22.665793031116348,83.09073997703162,0.0,11.64912463690315,0.0,0.0,5.783244946364939,10.213054789681411,4.794537184071822,4.39041504767482,0.0,0.0,19.420578929450514,57.44259309024196,23.168708607880962,11.70501719873199,5.668759818745678,5.783244946364939,0.0,0.0,0.0,20,1,0,0,0,0,0,0,0,3,0,24,6,1,0,19,1,0,0,6,3,2,2,0,0,7,0,0,0,8,5,4,0,0,1,3,0,0,0,0,6,3
0,"QNLZIZAQLLYXTC-UHFFFAOYSA-N",3.456640000000002,53.422000000000025,72.84295188002537,0.0,156.22799999999998,156.093900384,0,0,0,0,0,0,0,12,24,0,0,2,2,0,0,0,0,0,2,0,0,0.16666666666666666,7.464101615137754,4.238033871712585,3.2285964838749295,2.4691948930938215,1.5360485947678046,4.238033871712585,3.2285964838749295,2.4691948930938215,1.5360485947678046,-1.2999999999999998,7.354540141719628,2.6325540535695073,1.001034368996099,0.0,0.0,0.0,13.847474399381248,11.126902983393991,36.39820241076966,0.0,10.772448428929591,0.0,0.0,0.0,0.0,0.0,0.0,0.0,0.0,13.847474399381248,0.0,47.52510539416365,0.0,0.0,10.772448428929591,0.0,0.0,0.0,0.0,0.0,36.39820241076966,35.74682581170483,0.0,0.0,0.0,0.0,0.0,0.0,0.0,12,0,0,0,0,0,0,0,0,0,0,12,2,0,0,6,5,0,0,0,0,0,0,0,0,2,0,0,0,6,4,0,0,0,0,2,0,0,0,0,2,1
0,"DMIYKWPEFRFTPY-UHFFFAOYSA-N",2.805900000000001,41.84950000000001,68.56439978770068,17.07,175.01399999999998,173.963920108,1,0,1,0,1,0,3,10,14,0,0,1,1,0,0,0,0,0,1,0,0,0.0,6.48543620527773,3.4022877498743034,2.5675852026724106,1.776736783678509,1.1098302084898062,2.6463588038558488,1.7531849491911986,1.1175603415984185,0.6232984463865306,-0.53,7.575596620908132,3.0394269293618237,1.306617696156082,0.0,6.286160523129555,0.0,0.0,10.357988675768818,18.19910120538483,10.045266627482652,0.0,0.0,0.0,0.0,23.20187978046503,4.794537184071822,0.0,0.0,0.0,0.0,0.0,33.80781932456448,0.0,0.0,29.488040303594587,0.0,4.794537184071822,0.0,0.0,0.0,29.268246848926644,12.13273413692322,0.0,15.608718119179649,0.0,6.286160523129555,0.0,0.0,0.0,7,0,2,0,0,0,0,0,0,1,0,10,3,1,0,3,3,0,1,2,1,0,0,0,0,3,1,0,0,3,3,0,0,0,0,1,0,0,0,0,0,0
0,"QZSFJRIWRPJUOH-UHFFFAOYSA-N",5.131800000000005,86.22200000000005,136.07596927628393,35.53,333.25500000000017,332.09459992399997,3,0,9,0,3,0,5,21,43,1,1,1,1,0,0,0,0,0,1,0,0,0.5625,14.044573473324743,8.054161819983646,5.806569821448251,3.7932154684478827,2.3425624395063642,7.2982328739651905,4.962933914235659,3.2627488004431053,1.87951403811529,-0.9299999999999999,18.119825610363726,9.907368809694244,7.052334610823951,4.736862953800049,19.183069216977685,9.53140013787187,5.917906046161393,39.53076089108528,18.19910120538483,10.045266627482652,0.0,0.0,0.0,5.749511833283905,23.20187978046503,14.268263091671919,0.0,0.0,5.917906046161393,39.53076089108528,13.213763929025836,28.244367832867482,0.0,5.749511833283905,29.171185068416882,9.473725907600098,0.0,4.794537184071822,0.0,0.0,56.311819048624315,30.537828874472233,5.022633313741326,11.629515278254244,5.749511833283905,6.606881964512918,0.0,0.0,5.969305287951849,16,0,2,0,0,0,0,0,0,3,0,21,14,1,0,3,3,0,9,6,3,0,0,0,0,5,8,2,0,3,3,0,0,0,0,1,0,0,0,0,0,0
0,"ZAIDIVBQUMFXEC-UHFFFAOYSA-N",2.3253000000000004,25.462999999999994,41.386064678201855,0.0,110.97099999999999,109.969005488,0,0,0,0,0,0,2,5,9,0,0,0,0,0,0,0,0,0,0,0,0,0.3333333333333333,4.345137107244989,1.9999188228121203,1.5861859481599332,0.6546536707079772,0.0,1.2439898767936661,0.5783215962593767,0.2182178902359924,0.0,0.31999999999999995,5.32,2.5514814814814817,4.320000000000001,0.0,0.0,0.0,0.0,6.923737199690624,10.567488280991808,0.0,0.0,0.0,0.0,0.0,23.20187978046503,0.0,0.0,0.0,0.0,6.923737199690624,0.0,10.567488280991808,0.0,0.0,23.20187978046503,0.0,0.0,0.0,0.0,0.0,29.27789988729891,6.923737199690624,0.0,0.0,4.491468174157927,0.0,0.0,0.0,0.0,3,0,2,0,0,0,0,0,0,0,0,5,3,1,0,0,0,0,0,0,0,0,0,0,0,3,1,1,0,0,0,0,0,0,0,0,0,0,0,0,0,0
0,"CYNYIHKIEHGYOZ-UHFFFAOYSA-N",1.7913000000000001,24.08499999999999,35.33668286226412,0.0,122.993,121.973112324,0,0,1,0,0,0,1,4,11,0,0,0,0,0,0,0,0,0,0,0,0,1.0,4.3781745744970255,2.5958369308453744,1.4819805060619653,0.9819805060619654,0.0,1.4743680230989717,0.6889822365046134,0.18898223650461357,0.0,0.48,4.480000000000002,3.4800000000000018,2.480000000000002,0.0,5.330089647061427,0.0,0.0,13.344558822616634,0.0,0.0,0.0,0.0,0.0,0.0,15.929943897949348,0.0,0.0,0.0,0.0,13.344558822616634,5.330089647061427,0.0,0.0,0.0,15.929943897949348,0.0,0.0,0.0,0.0,0.0,22.85368109763997,6.4208216229260096,5.330089647061427,0.0,0.0,0.0,0.0,0.0,0.0,3,0,0,1,0,0,0,0,0,0,0,4,3,0,0,0,0,0,1,0,0,0,0,0,0,2,2,0,0,0,0,0,0,0,0,0,0,0,0,0,0,0
0,"YFCDLVPYFMHRQZ-UHFFFAOYSA-N",-1.0456,31.53959999999999,52.847246550080214,73.13,134.135,134.06914218,5,2,5,2,4,0,5,9,19,0,0,0,0,0,0,0,0,0,0,0,0,1.0,5.025529797209885,2.647485249902407,1.482526359317286,0.8316978198547629,0.424317132305063,2.647485249902407,1.482526359317286,0.8316978198547629,0.424317132305063,-0.68,8.32,5.456612021857924,3.8664480874316944,0.0,41.525244054486926,0.0,4.907065243988282,0.0,5.2858847209627084,0.0,0.0,0.0,0.0,0.0,0.0,10.213054789681411,0.0,5.008912523954532,5.2858847209627084,0.0,26.303276740850986,4.907065243988282,0.0,0.0,0.0,10.213054789681411,5.008912523954532,0.0,0.0,4.907065243988282,0.0,0.0,0.0,31.589161461813696,0.0,0.0,0.0,0.0,0.0,4,0,0,0,0,0,0,2,0,3,0,9,7,1,0,0,0,0,5,8,5,2,2,0,0,3,5,1,0,0,0,0,0,0,0,0,0,0,0,0,0,0
0,"MXWJVTOOROXGIU-UHFFFAOYSA-N",1.7771,57.75940000000002,88.3180482284173,62.730000000000004,215.688,215.09377312799998,5,2,4,2,5,0,6,14,28,0,0,1,1,0,0,1,0,0,0,0,0,0.625,9.25999125590373,4.912623340767601,3.4190845365286053,1.5298182319419833,1.0701148058523666,4.534658867758374,3.0810228346371984,1.3607873809962803,0.9100064857776696,-1.1,10.977519379844964,4.95024333881867,3.3341936893355397,10.633577208012662,27.53853279790216,0.0,0.0,20.771211599071872,0.0,5.283586320044258,0.0,0.0,11.896678561972989,0.0,11.600939890232516,0.0,0.0,14.951935562841626,0.0,26.813052428219834,17.178333613925236,5.283586320044258,0.0,0.0,23.497618452205504,10.633577208012662,0.0,0.0,14.951935562841626,0.0,0.0,32.372151489304386,12.586597235060536,0.0,0.0,0.0,17.180264882017248,0.0,0.0,8,0,1,0,0,0,0,2,3,0,0,14,8,0,0,3,3,0,4,5,5,2,2,0,0,4,3,1,0,3,3,0,0,0,0,1,0,0,0,0,0,0
1,"VTJXFTPMFYAJJU-UHFFFAOYSA-N",1.5283599999999995,48.97460000000002,80.5751954122286,88.03999999999999,186.17,186.042927432,4,2,1,2,4,0,4,14,20,0,0,1,1,0,0,0,0,0,1,0,0,0.0,7.098255458758336,3.7098113319021273,2.5297712223648916,1.5513773843182523,0.8864583943175156,3.7098113319021273,2.5297712223648916,1.5513773843182523,0.8864583943175156,-2.4600000000000004,9.626655112651646,3.972238636871841,2.0241591520826128,0.0,10.213054789681411,0.0,22.66222573506152,5.563451491696996,23.772205735454097,0.0,6.076020106833881,0.0,0.0,11.49902366656781,0.0,10.213054789681411,10.523783109476973,0.0,0.0,0.0,0.0,29.335657227151092,0.0,23.637466292152357,6.076020106833881,10.213054789681411,0.0,0.0,10.523783109476973,0.0,6.06636706846161,23.772205735454097,0.0,0.0,17.711547155653815,11.49902366656781,0.0,0.0,0.0,10,0,0,0,0,0,0,2,0,2,0,14,5,1,2,3,3,0,1,6,4,2,2,0,0,4,3,1,0,3,3,0,0,0,0,1,0,0,0,0,0,0
0,"HAPOVYFOVVWLRS-UHFFFAOYSA-N",0.4491999999999996,36.164699999999996,59.79597894437553,46.17,141.17,141.078978592,3,1,1,1,2,2,3,10,21,1,1,1,0,1,1,0,1,1,0,0,0,0.7142857142857143,6.230710143300821,3.4260152434302316,2.9682907381116728,2.132179015606181,1.0419123688073613,3.4260152434302316,2.9682907381116728,2.132179015606181,1.0419123688073613,-0.8600000000000001,7.249409190371992,2.075496519949025,0.9162485890783432,5.316788604006331,11.814359458703011,9.589074368143644,5.41499046939678,26.689117645233267,0.0,0.0,0.0,0.0,0.0,0.0,0.0,9.589074368143644,0.0,5.316788604006331,5.41499046939678,26.689117645233267,0.0,0.0,0.0,0.0,11.814359458703011,0.0,14.905862972149976,0.0,0.0,0.0,13.847474399381248,6.4208216229260096,6.4208216229260096,5.41499046939678,0.0,0.0,11.814359458703011,0.0,0.0,7,0,0,0,0,0,0,0,1,2,0,10,3,2,0,5,0,0,1,5,3,1,1,0,0,4,1,0,0,2,2,1,0,0,1,0,0,0,0,0,0,0
0,"HSRJKNPTNIJEKV-UHFFFAOYSA-N",0.42719999999999964,51.58160000000003,82.70672954048919,58.92,198.218,198.089208928,4,2,5,2,4,0,4,14,28,1,1,1,1,0,0,0,0,0,1,0,0,0.4,8.011888680248868,4.32344522140389,2.7982611243113285,1.7110462467365632,0.976722769367384,4.32344522140389,2.7982611243113285,1.7110462467365632,0.976722769367384,-1.26,10.818492935635792,5.46596949475999,2.901235761171523,9.473725907600098,36.64058264773308,0.0,0.0,0.0,24.26546827384644,0.0,0.0,0.0,0.0,11.49902366656781,0.0,19.68678069728151,0.0,0.0,0.0,6.103966387748303,20.32356147030337,24.26546827384644,0.0,11.49902366656781,0.0,19.68678069728151,0.0,0.0,0.0,0.0,12.13273413692322,12.13273413692322,0.0,13.716679505790452,12.71084835226122,11.49902366656781,0.0,0.0,0.0,10,0,0,0,0,0,0,0,0,4,0,14,8,0,0,3,3,0,5,8,4,2,2,0,0,3,4,1,0,4,2,0,0,0,0,1,0,0,0,0,0,0
0,"JTVPZMFULRWINT-UHFFFAOYSA-N",1.1703000000000003,86.22500000000005,131.9260437142151,75.71000000000001,328.4340000000001,328.14567824799997,6,1,8,1,5,1,7,22,46,0,0,1,1,0,0,0,0,0,1,0,0,0.5333333333333333,14.365429561062069,9.108098010744579,6.932774542911715,4.561974678258017,2.704945792496015,7.216686472686323,4.917038968168866,3.4517360843215226,2.0577832308925186,-1.5999999999999996,18.449019607843134,8.143304899821462,4.993710782028756,10.05365155780638,58.769478792970155,9.837253136417502,0.0,24.205463075150064,23.094584680902607,0.0,0.0,0.0,0.0,5.749511833283905,0.0,17.949197122200808,0.0,10.216698334856808,0.0,18.742957874899023,39.54459234843923,23.762552697081826,0.0,5.749511833283905,15.744432865769006,14.953561288656857,4.794537184071822,8.417796984328938,0.0,0.0,13.847474399381248,31.28861401720998,19.345281995336556,17.568732508492303,5.749511833283905,9.837253136417502,0.0,5.907179729351506,0.0,15,0,0,0,0,1,0,2,0,4,0,22,13,3,0,3,3,0,8,10,6,1,1,0,0,7,6,2,1,3,3,0,0,0,0,1,0,0,0,0,0,0
0,"YWJXCIXBAKGUKZ-HJJNZUOJSA-N",-1.2006,72.24050000000003,129.81260427715583,145.91000000000003,328.2730000000001,328.07943209199993,9,5,2,5,9,0,9,23,39,5,5,3,1,1,2,0,1,2,1,0,0,0.5,12.040269535679547,6.865173675938959,5.3676017349008776,4.092905337688598,2.950861433208625,6.865173675938959,5.3676017349008776,4.092905337688598,2.950861433208625,-2.07,15.811596257328807,5.532151847815538,2.2029621592624977,4.736862953800049,69.63448731893904,9.473725907600098,0.0,22.025406555214115,6.06636706846161,0.0,0.0,0.0,0.0,17.248535499851716,0.0,44.537763019675495,0.0,0.0,0.0,30.51983193874151,13.716679505790452,17.193270051855603,0.0,17.248535499851716,5.969305287951849,39.743225835603674,0.0,4.794537184071822,0.0,0.0,0.0,6.06636706846161,5.563451491696996,19.280130997487447,24.41586555099321,17.602990054316113,5.749511833283905,0.0,5.969305287951849,14,0,0,0,0,0,0,0,0,7,2,23,8,1,0,13,3,0,2,18,9,5,5,0,0,7,2,0,0,3,11,0,0,0,0,3,0,0,0,0,4,2
1,"YXUPZGKORWTXID-UHFFFAOYSA-N",6.0627000000000075,105.62340000000009,150.35382733614833,9.23,334.56800000000015,334.31044132009,2,0,15,0,1,0,2,24,64,0,0,1,1,0,0,0,0,0,1,0,0,0.7272727272727273,16.434601387337075,10.137472386569844,7.7264398102711915,4.8255432279885335,3.0664136873311447,10.137472386569844,7.7264398102711915,4.8255432279885335,3.0664136873311447,-1.02,21.02351610095735,13.290911467792359,11.505687149309184,4.736862953800049,38.27476959938707,0.0,0.0,71.13195342895074,30.33183534230805,0.0,0.0,0.0,0.0,5.749511833283905,0.0,9.219893811494673,0.0,0.0,0.0,71.13195342895074,33.79173874169245,30.33183534230805,0.0,5.749511833283905,0.0,9.219893811494673,0.0,0.0,0.0,0.0,76.48941138848355,24.97437738277524,0.0,20.640100371266954,18.9011502037094,0.0,0.0,0.0,0.0,22,0,0,0,0,0,0,1,0,1,0,24,18,0,0,3,3,0,15,2,1,0,0,0,1,3,14,0,1,5,1,0,0,0,0,1,0,0,0,0,0,0
0,"UUKWKUSGGZNXGA-UHFFFAOYSA-N",0.6019,48.2687,82.60370947594966,129.37,211.13299999999998,211.02292026,8,2,3,1,5,1,8,15,20,0,0,1,1,0,0,0,0,0,1,0,0,0.0,7.245069720077736,3.6523604262358025,2.616555956262582,1.608691275264776,0.9482367441371016,3.6523604262358025,2.616555956262582,1.608691275264776,0.9482367441371016,-2.5100000000000002,10.570064051240992,3.6982578073423995,2.2406788898967376,5.733667477162185,15.753801826986848,0.0,20.228636537531145,10.357988675768818,18.19910120538483,0.0,0.0,0.0,11.374772549367124,0.0,0.0,14.641159281707164,0.0,0.0,5.733667477162185,0.0,0.0,43.99118923461297,0.0,0.0,17.28195227871863,5.733667477162185,25.023173721602966,0.0,0.0,0.0,0.0,0.0,12.13273413692322,21.476440657793948,0.0,0.0,5.907179729351506,11.374772549367124,0.0,7,0,0,0,0,0,0,3,0,5,0,15,6,3,0,3,3,0,3,15,8,2,1,2,2,6,0,3,0,3,3,0,0,0,0,1,0,0,0,0,0,0
0,"ZJAOAACCNHFJAH-UHFFFAOYSA-N",-0.15790000000000004,20.0689,38.746414800809205,94.83000000000001,126.00399999999998,125.97180982600001,5,3,1,3,2,0,6,7,10,0,0,0,0,0,0,0,0,0,0,0,0,0.0,3.9997781539274735,2.846273893737014,2.297235756279304,0.7475550175924409,0.0,1.2339119265669447,0.8266033140381198,0.24918500586414694,0.0,-0.38000000000000006,6.619999999999999,1.614379875216004,2.331743772241993,0.0,20.60374429283942,4.565048284931329,0.0,0.0,0.0,0.0,0.0,0.0,4.794537184071822,0.0,7.595762326787885,24.252936069348806,0.0,0.0,0.0,0.0,0.0,0.0,0.0,0.0,13.306156019281646,14.893350600345656,0.0,9.35958546900315,0.0,0.0,0.0,0.0,0.0,0.0,0.0,0.0,0.0,0.0,13.306156019281646,1,0,0,0,0,0,1,0,0,5,0,7,4,2,0,0,0,0,1,10,5,3,3,0,0,5,0,1,1,0,0,0,0,0,0,0,0,0,0,0,0,0
0,"GFNANZIMVAIWHM-OBYCQNJPSA-N",0.6204999999999994,96.78720000000003,162.30107724907413,115.06,394.4390000000002,394.179166804,6,4,2,4,6,0,7,28,55,8,8,4,0,3,4,0,0,0,0,3,4,0.7142857142857143,16.060301226196906,9.823183947290058,9.363901079600783,8.430020092241927,6.8493982838068135,9.823183947290058,9.363901079600783,8.430020092241927,6.8493982838068135,-1.41,19.88698649368336,5.813749131185201,2.006131874526369,0.0,62.07722484183158,9.589074368143644,22.665793031116348,39.53076089108528,23.80116485057091,0.0,0.0,0.0,4.39041504767482,0.0,0.0,34.40559899518128,0.0,0.0,22.665793031116348,63.00850429631126,6.606881964512918,23.80116485057091,0.0,0.0,11.566489892729878,20.426109579362823,9.589074368143644,4.39041504767482,0.0,0.0,18.572861836593773,50.676969951223825,16.747886984954953,12.207932775496605,6.606881964512918,22.836300522459243,0.0,0.0,0.0,21,1,0,0,0,0,0,0,0,6,0,28,9,2,0,18,2,0,2,12,6,4,4,0,0,9,1,1,0,7,6,4,0,0,1,3,0,0,0,0,6,3
0,"CAHKINHBCWCHCF-JTQLQIEISA-N",0.5239999999999994,57.051300000000026,92.71748757956762,86.63000000000001,223.228,223.084457896,5,3,4,3,3,1,5,16,29,1,1,1,1,0,0,0,0,0,1,0,0,0.2727272727272727,8.80478189906232,4.765981041256502,3.4619186363383947,2.0517564130968515,1.3131721528542306,4.765981041256502,3.4619186363383947,2.0517564130968515,1.3131721528542306,-2.0399999999999996,12.03163323782235,5.156923569940716,3.6060455982104496,5.316788604006331,28.131380636132725,16.009895991069655,0.0,12.487188691387619,24.26546827384644,0.0,0.0,0.0,0.0,5.749511833283905,0.0,19.802129157825057,0.0,5.316788604006331,0.0,19.386399651764595,0.0,29.828919765543436,0.0,5.749511833283905,11.876485017303356,15.529843393687743,4.794537184071822,4.794537184071822,0.0,0.0,12.13273413692322,17.696185628620217,13.344558822616634,0.0,11.791352662431866,0.0,5.907179729351506,0.0,5.969305287951849,11,0,0,0,0,0,0,1,0,4,0,16,8,2,0,3,3,0,4,9,5,3,3,0,0,5,2,3,0,4,2,0,0,0,0,1,0,0,0,0,0,0
0,"WUBBRNOQWQTFEX-UHFFFAOYSA-N",0.6726000000000001,39.47850000000001,62.88622553534208,83.55,153.13699999999997,153.042593084,4,4,1,3,3,0,4,11,18,0,0,1,1,0,0,0,0,0,1,0,0,0.0,5.612076558222283,2.928046747039288,2.081739010680012,1.2521968246195043,0.7295191212567514,2.928046747039288,2.081739010680012,1.2521968246195043,0.7295191212567514,-1.7099999999999997,7.397642626480087,2.4943628247787255,1.4029456622584688,5.733667477162185,16.182360077633263,0.0,0.0,10.357988675768818,18.19910120538483,0.0,0.0,0.0,5.687386274683562,5.749511833283905,0.0,15.007591973753234,0.0,0.0,0.0,0.0,5.733667477162185,23.762552697081826,0.0,5.749511833283905,11.656691562635412,15.946722266843597,0.0,4.794537184071822,0.0,0.0,0.0,12.13273413692322,11.753753343145172,0.0,11.3129633249809,0.0,0.0,0.0,5.969305287951849,7,0,0,0,0,0,0,1,0,3,0,11,4,1,0,3,3,0,1,7,4,4,3,0,0,4,0,1,0,3,3,0,0,0,0,1,0,0,0,0,0,0
0,"TUFADSGTJUOBEH-ZWNOBZJWSA-N",1.6479999999999997,72.22840000000004,108.60818228551366,55.040000000000006,246.35799999999998,246.18444670399998,4,2,2,1,4,0,4,18,40,2,2,3,1,1,2,1,1,1,0,0,1,0.7142857142857143,11.100789331564211,7.11931574106558,5.614006444063729,4.401655090942395,3.590051710558555,7.11931574106558,5.614006444063729,4.401655090942395,3.590051710558555,-1.1600000000000001,11.903937685098784,4.8423698419291,2.094434765591382,5.733667477162185,33.99922041371801,12.841643245852019,5.917906046161393,37.443581555014106,6.196843571613076,0.0,0.0,0.0,5.948339280986494,0.0,0.0,0.0,0.0,14.867866772744893,5.917906046161393,45.069686143468644,18.823180288987334,17.454223058158533,0.0,0.0,5.948339280986494,5.733667477162185,4.899909730850478,9.967957041894417,0.0,0.0,6.923737199690624,56.6749784643136,17.932612395609496,0.0,0.0,0.0,5.948339280986494,0.0,0.0,14,0,0,0,0,0,0,1,3,0,0,18,4,0,0,13,3,0,2,4,4,2,1,0,0,2,2,0,0,8,6,0,0,0,0,3,0,0,0,0,4,2
0,"XFSBVAOIAHNAPC-XTHSEXKGSA-N",0.6481000000000052,160.46789999999967,268.7616459053468,153.45,645.7460000000002,645.3149113239998,12,3,9,3,12,0,12,46,93,15,15,7,1,6,6,0,1,1,1,5,5,0.7647058823529411,27.32797891867749,16.34437897064099,14.421626678765163,13.161531487775054,12.310847084986348,16.34437897064099,14.421626678765163,13.161531487775054,12.310847084986348,-2.1599999999999997,32.39018305769474,10.928300624778363,3.620211408832504,0.0,134.16142821032966,33.215714906872115,34.50160512343913,37.04710632100208,30.33183534230805,0.0,0.0,0.0,0.0,0.0,0.0,53.32983427546605,0.0,4.899909730850478,34.50160512343913,80.55685842283842,48.1355849414482,35.89528683400505,0.0,0.0,11.938610575903699,43.740759907322406,9.694446914922299,4.794537184071822,0.0,0.0,25.122838405075452,31.0162182119232,82.95404530006503,30.48223261945482,23.912949974228596,5.601050810983688,0.0,0.0,11.938610575903699,34,0,0,0,0,0,0,0,1,11,0,46,20,2,0,27,3,0,9,23,12,3,3,0,0,11,8,2,0,8,13,4,0,0,2,5,0,0,0,0,10,8
0,"ONBWJWYUHXVEJS-ZTYRTETDSA-N",0.8558999999999994,72.94930000000002,116.6197715346688,61.72,271.31600000000003,271.120843404,4,3,0,3,4,0,4,20,37,5,5,5,1,1,4,0,1,2,1,0,2,0.5,11.042797978540431,7.3339162283423365,6.442772227020118,5.680332249469203,4.977947461451189,7.3339162283423365,6.442772227020118,5.680332249469203,4.977947461451189,-1.5199999999999998,11.173576575777917,3.379532899225372,1.044795762220043,10.05365155780638,35.00758480023855,11.83581209232279,5.917906046161393,17.54772460632,24.284774350590983,0.0,0.0,0.0,0.0,11.49902366656781,0.0,14.94991774348146,0.0,5.316788604006331,5.917906046161393,36.50640731989336,6.544756405912575,35.411677333984976,0.0,11.49902366656781,0.0,20.26670634748779,0.0,0.0,0.0,0.0,18.218407282129373,31.016218211923203,22.93818883640313,0.0,12.207932775496605,11.49902366656781,0.0,0.0,0.0,16,0,0,0,0,0,0,0,1,2,1,20,2,0,0,18,4,0,0,7,4,3,3,0,0,2,0,0,0,9,8,1,0,0,1,4,0,0,0,0,7,6
0,"OWWLUIWOFHMHOQ-XGHATYIMSA-N",3.633500000000005,168.0077999999996,261.12170830924435,59.08,602.9050000000002,602.47600930418,8,0,4,0,6,0,8,43,105,10,10,6,0,6,6,0,2,2,0,4,4,0.9428571428571428,28.647251415170494,17.58410236795765,17.52739616763019,14.11114760532997,11.37164500350768,17.58410236795765,17.52739616763019,14.11114760532997,11.37164500350768,-1.2200000000000002,31.74990598109532,11.237444947839384,5.805579870076932,0.0,135.5448453647958,19.06280027574374,34.501605123439134,72.64070015924456,0.0,0.0,0.0,0.0,0.0,0.0,0.0,28.028861991132985,0.0,9.799819461700956,34.501605123439134,96.93231459303709,80.54873917800936,0.0,0.0,0.0,11.938610575903699,18.439787622989346,19.388893829844598,0.0,0.0,0.0,13.847474399381248,74.03236601452443,57.525172150724245,54.36971355435905,12.207932775496605,0.0,0.0,0.0,11.938610575903699,35,0,0,0,0,0,0,0,4,4,0,43,14,2,0,32,0,0,4,10,6,0,0,0,2,10,2,2,0,15,10,4,0,0,1,5,0,0,0,0,6,3
0,"KLOIYEQEVSIOOO-UHFFFAOYSA-N",2.927620000000001,100.84100000000004,153.24221606290857,68.98,361.4380000000001,361.18892296399997,6,0,9,0,6,0,6,26,53,0,0,2,2,0,0,1,0,0,1,0,0,0.5,15.963146542507438,9.067239435090507,6.021617701622141,4.493273871780679,2.9080373816487977,9.067239435090507,6.021617701622141,4.493273871780679,2.9080373816487977,-2.34,19.977834306503567,9.383148439411418,4.850110395806181,10.362449272878036,43.717248165565884,15.95222176079788,6.923737199690624,31.898114582465865,27.41078932651,0.0,10.969244356107037,0.0,0.0,5.749511833283905,0.0,18.685414028725265,0.0,4.899909730850478,0.0,34.11577042168851,32.84803314676356,39.74612769192863,0.0,5.749511833283905,16.938549644058888,18.790786575503923,0.0,9.589074368143644,0.0,0.0,13.847474399381248,51.05399446275263,23.560799180535977,6.606881964512918,11.332531974926148,6.606881964512918,0.0,0.0,11.594891607029837,20,0,0,0,0,0,0,1,0,4,1,26,14,2,0,6,5,0,9,11,6,0,0,0,0,6,8,2,0,4,6,0,0,0,0,2,0,0,0,0,2,1
1,"NMWQEPCLNXHPDX-UHFFFAOYSA-N",2.636400000000001,75.85950000000003,116.30701665987982,71.95,297.40500000000003,297.06056872000005,5,1,3,1,5,0,7,19,34,0,0,2,2,0,0,1,0,0,1,0,0,0.3333333333333333,12.547164860658953,8.007386940806095,7.740841640102736,5.090263421276436,3.3934991603837763,5.707727112283976,5.0809185913273165,2.3417762059634395,1.341076876842439,-1.47,13.950082775878094,4.897926026913579,3.297888403799317,4.722094864452088,18.615160600931013,15.438281622804364,0.0,25.778835295924637,35.227318817825825,0.0,0.0,0.0,5.131558479839333,0.0,11.336785877934737,8.417796984328938,0.0,10.197363616602075,0.0,31.081685543986428,4.722094864452088,35.339459039160815,0.0,0.0,26.491635511181656,0.0,4.722094864452088,8.417796984328938,0.0,10.197363616602075,50.30709868239144,12.13273413692322,5.41499046939678,4.895483475517775,5.007623696852765,0.0,5.131558479839333,10.023291153407584,0.0,12,0,0,0,0,2,0,1,2,2,0,19,7,2,0,6,5,0,3,7,5,1,1,0,0,5,1,0,2,8,3,0,0,0,1,1,0,0,0,0,0,0
0,"ZYEPZINLLPPBMI-UHFFFAOYSA-N",5.137300000000005,99.19440000000007,140.41228944061234,0.0,306.4730000000001,306.22162631609,1,0,4,0,0,0,1,23,51,1,1,3,2,1,1,0,1,1,2,0,0,0.36363636363636365,14.626493681332036,8.9120417495944,6.632867965149167,5.857968772355197,4.244772219060853,8.9120417495944,6.632867965149167,5.857968772355197,4.244772219060853,-1.8599999999999994,16.01390346535948,6.717974096470452,2.85970911596474,0.0,30.159140904580312,0.0,0.0,38.31893620539187,66.23677521468537,0.0,5.573104530069267,0.0,0.0,0.0,0.0,4.483030857694624,0.0,0.0,0.0,33.23387405114585,19.634269217737724,77.36367819807937,0.0,0.0,5.573104530069267,4.483030857694624,0.0,0.0,0.0,0.0,60.6636706846161,37.47121911253513,11.993926152995277,19.634269217737724,6.041840829147961,0.0,0.0,0.0,0.0,22,0,0,0,0,0,0,0,1,0,0,23,7,1,0,11,6,0,4,0,0,0,0,0,1,3,2,1,0,12,4,1,0,0,1,2,0,0,0,0,0,0
0,"HVCNXQOWACZAFN-UHFFFAOYSA-N",0.3385,32.932999999999986,50.43150934599361,12.47,115.176,115.099714036,2,0,1,0,2,0,2,8,21,0,0,1,0,1,1,0,1,1,0,0,0,1.0,5.390995791896558,3.233140348426687,2.0466341904625267,1.5509184479635016,0.9173915721285345,3.233140348426687,2.0466341904625267,1.5509184479635016,0.9173915721285345,-0.08,6.046262626262625,3.0480339439763515,1.4562252861602496,0.0,37.747942877614044,4.736862953800049,0.0,6.923737199690624,0.0,0.0,0.0,0.0,0.0,0.0,0.0,4.736862953800049,0.0,4.899909730850478,0.0,6.923737199690624,32.84803314676356,0.0,0.0,0.0,0.0,4.736862953800049,4.899909730850478,0.0,0.0,0.0,6.923737199690624,6.544756405912575,13.08951281182515,13.213763929025836,0.0,0.0,0.0,0.0,0.0,6,0,0,0,0,0,0,0,1,0,1,8,2,0,0,6,0,0,1,3,2,0,0,0,0,1,1,0,0,5,1,0,0,0,0,1,0,0,0,0,0,0
0,"FQNKTJPBXAZUGC-UHFFFAOYSA-N",3.167600000000002,88.50160000000004,134.3494953866236,77.84,313.35300000000007,313.131408088,5,2,6,2,4,0,5,23,42,0,0,2,2,0,0,0,0,0,2,0,0,0.2222222222222222,13.113802814128078,7.44112191902278,5.053602590108974,3.756629706211114,2.510190653437054,7.44112191902278,5.053602590108974,3.756629706211114,2.510190653437054,-2.819999999999999,16.548798044728354,6.95981810923722,3.338275977649151,4.899909730850478,35.055117835823346,0.0,0.0,40.12690324261588,42.46456947923127,0.0,0.0,0.0,5.687386274683562,5.749511833283905,0.0,19.802129157825057,0.0,0.0,0.0,13.847474399381248,17.98942254267563,59.15492395432226,0.0,5.749511833283905,17.43993650900035,15.11296452053189,4.794537184071822,4.794537184071822,0.0,0.0,18.19910120538483,32.046575604766076,30.406717646667317,11.126902983393991,5.749511833283905,5.783244946364939,0.0,0.0,5.969305287951849,18,0,0,0,0,0,0,1,0,4,0,23,10,2,0,6,6,0,6,9,5,2,2,0,0,6,2,3,0,7,5,0,0,0,0,2,0,0,0,0,0,0
0,"FXHOOIRPVKKKFG-UHFFFAOYSA-N",0.0944999999999998,24.36799999999999,37.75543314126651,20.310000000000002,87.12199999999999,87.068413908,2,0,0,0,1,1,2,6,15,0,0,0,0,0,0,0,0,0,0,0,0,0.75,4.3554618859638214,1.8221581339818262,1.413445226899354,0.6297877813350133,0.0,1.8221581339818262,1.413445226899354,0.6297877813350133,0.0,-0.53,5.469999999999999,1.798837033645378,1.7581844380403455,0.0,24.902433425556364,4.794537184071822,0.0,6.923737199690624,0.0,0.0,0.0,0.0,0.0,0.0,0.0,4.794537184071822,0.0,4.899909730850478,0.0,6.923737199690624,14.09534396535438,0.0,0.0,0.0,5.907179729351506,4.899909730850478,4.794537184071822,0.0,0.0,0.0,0.0,0.0,21.019081165045,0.0,0.0,0.0,5.907179729351506,0.0,0.0,4,0,0,0,0,0,0,1,0,1,0,6,4,1,0,0,0,0,0,3,2,0,0,0,0,4,0,2,0,0,0,0,0,0,0,0,0,0,0,0,0,0
0,"JFYZBXKLRPWSGV-UHFFFAOYSA-N",1.0725,38.767,56.753136868902445,6.48,126.20299999999997,126.11569844799999,2,0,2,0,2,0,2,9,23,0,0,1,0,0,1,0,0,1,0,0,0,0.7142857142857143,6.170448072938809,3.452734787564675,2.5089265620064047,1.4475064292383235,1.0213536694036682,3.452734787564675,2.5089265620064047,1.4475064292383235,1.0213536694036682,-0.66,6.459904076738609,2.7595196959096704,1.627617927829568,0.0,30.060939039189865,0.0,0.0,13.344558822616634,12.399909779640897,0.0,0.0,0.0,0.0,0.0,0.0,0.0,0.0,9.799819461700956,0.0,13.344558822616634,20.26111957748891,12.399909779640897,0.0,0.0,0.0,9.799819461700956,0.0,0.0,0.0,0.0,6.923737199690624,6.4208216229260096,25.992338168230663,6.6686911888991425,0.0,0.0,0.0,0.0,0.0,7,0,0,0,0,0,0,0,2,0,0,9,4,0,0,4,1,0,2,2,2,0,0,0,0,2,2,0,0,3,2,0,0,0,1,0,0,0,0,0,0,0
0,"YRAJNWYBUCUFBD-UHFFFAOYSA-N",2.6069000000000004,53.54100000000004,80.71171637188314,34.14,184.27899999999997,184.14632988,2,0,2,0,2,0,2,13,33,0,0,0,0,0,0,0,0,0,0,0,0,0.8181818181818182,9.523603362114274,4.615355071650411,5.523129365716655,1.9941468700696596,0.6761558259122125,4.615355071650411,5.523129365716655,1.9941468700696596,0.6761558259122125,-0.66,12.34,3.604586645799862,4.203935922650262,0.0,11.566489892729878,9.589074368143644,10.82998093879356,47.96324482106975,0.0,0.0,0.0,0.0,0.0,0.0,0.0,9.589074368143644,0.0,0.0,10.82998093879356,47.96324482106975,0.0,0.0,0.0,0.0,11.566489892729878,0.0,9.589074368143644,0.0,0.0,0.0,41.54242319814374,0.0,10.82998093879356,6.4208216229260096,11.566489892729878,0.0,0.0,0.0,0.0,11,0,0,0,0,0,0,0,0,2,0,13,10,2,0,0,0,0,2,4,2,0,0,0,0,8,1,2,2,0,0,0,0,0,0,0,0,0,0,0,0,0
1,"JTSBGMZPPPULTA-UHFFFAOYSA-N",2.1496000000000004,60.78670000000001,87.81286137772578,41.46,198.22500000000002,198.07931294,3,1,2,1,3,0,3,15,25,0,0,2,1,0,1,0,0,0,1,0,1,0.0,8.051614308670453,4.633388548300768,3.083533351677094,1.9246104656476535,1.1624616777611974,4.633388548300768,3.083533351677094,1.9246104656476535,1.1624616777611974,-2.1599999999999997,9.3971519262254,4.371400189024512,2.639650752833949,5.425791397110385,11.494929949135642,4.794537184071822,0.0,0.0,59.73732329538329,0.0,0.0,0.0,5.687386274683562,0.0,0.0,4.794537184071822,0.0,0.0,5.101407525739723,0.0,5.425791397110385,54.635915769643574,0.0,0.0,17.182316223819203,0.0,10.220328581182207,0.0,5.101407525739723,0.0,18.19910120538483,36.436814564258746,0.0,11.399071277454265,0.0,5.783244946364939,0.0,0.0,0.0,12,0,0,0,0,0,0,2,0,1,0,15,2,2,0,7,5,0,2,4,3,1,1,0,0,1,2,0,0,9,3,0,0,0,0,2,0,0,0,0,0,0
1,"SHYBXXMECBHHFH-UHFFFAOYSA-N",4.4589000000000025,71.85150000000003,103.62446262428942,17.07,240.68900000000002,240.034192588,1,0,1,0,1,0,2,17,26,0,0,3,3,0,0,0,0,0,3,0,0,0.0,9.73829413219818,5.746024642883421,4.314640538271832,3.432461558477673,2.5654907329232266,5.368060169874194,3.9366760652626045,3.025261431737067,2.235902511883181,-1.8599999999999992,10.30393377892815,3.86286555670109,1.43260151309626,0.0,6.286160523129555,0.0,0.0,10.357988675768818,48.53093654769288,5.022633313741326,21.544896857859182,0.0,0.0,0.0,11.600939890232516,4.794537184071822,0.0,0.0,0.0,0.0,0.0,59.1170213531312,0.0,0.0,39.43199727122125,0.0,4.794537184071822,0.0,0.0,0.0,60.1318764379254,10.772448428929591,16.335899920626588,5.022633313741326,0.0,6.286160523129555,0.0,0.0,0.0,15,0,1,0,0,0,0,0,0,1,0,17,2,1,0,8,8,0,1,2,1,0,0,0,0,2,1,0,0,8,6,0,0,0,0,3,0,0,0,0,4,2
1,"YMGQBWRXNCAABF-UHFFFAOYSA-N",5.049400000000004,123.15160000000002,203.5989830758093,93.14000000000001,517.4810000000004,517.0806929559999,7,1,4,1,5,0,11,36,54,0,0,5,3,0,2,0,0,2,3,0,0,0.16,19.482023188007858,12.207646049388485,9.787088203037245,7.736219863117303,6.185098678492863,10.767582720587846,8.031980746083377,5.9644236752360555,4.461961411321676,-3.989999999999999,23.737936506883788,8.299043216695692,3.5784873277268536,13.778941898896331,26.28657197322132,27.414948477848892,0.0,29.177543166478607,71.25619347318971,0.0,5.573104530069267,0.0,18.858631417708022,11.49902366656781,0.0,40.963832613866025,0.0,0.0,0.0,24.416340815577882,11.098158297396061,88.61451596445994,0.0,11.49902366656781,27.253087246112266,14.580253302440804,0.0,17.517550159696995,13.171245143024459,0.0,37.255572541998674,47.87955994862805,11.136556021766264,16.146321241898335,0.0,17.196062979623644,6.792942306099827,10.023291153407584,12.145603805395325,25,3,0,0,0,1,0,0,1,4,2,36,10,3,0,17,10,0,4,13,7,1,1,0,0,8,1,1,1,13,11,1,0,0,1,4,0,0,0,0,4,2
1,"BIJNHUAPTJVVNQ-UHFFFAOYSA-N",4.289600000000004,71.81080000000001,98.24965534703419,20.23,218.25500000000002,218.07316494,1,1,0,1,1,0,1,17,27,0,0,4,4,0,0,0,0,0,4,0,0,0.0,9.143366018206592,5.699674541175149,4.440724372488438,3.5056524681076615,2.719913497862481,5.699674541175149,4.440724372488438,3.5056524681076615,2.719913497862481,-2.2799999999999994,8.824469322136677,2.888962350780533,1.0326350138169986,0.0,5.106527394840706,0.0,0.0,0.0,54.59730361615449,0.0,32.31734528678877,0.0,0.0,5.749511833283905,0.0,5.106527394840706,0.0,0.0,0.0,0.0,0.0,54.59730361615449,0.0,5.749511833283905,32.31734528678877,5.106527394840706,0.0,0.0,0.0,0.0,48.53093654769288,27.611263926320795,10.772448428929591,0.0,5.749511833283905,0.0,0.0,0.0,0.0,16,0,0,0,0,0,0,0,0,1,0,17,1,0,0,10,9,0,0,2,1,1,1,0,0,1,0,0,0,9,7,0,0,0,0,4,0,0,0,0,6,5
0,"VDYDAUQHTVCCBX-UHFFFAOYSA-N",2.657020000000001,42.74100000000002,65.57809880467873,9.23,156.61199999999997,156.034192588,1,0,1,0,1,0,2,10,19,0,0,1,1,0,0,0,0,0,1,0,0,0.25,6.774192517060422,3.417353016922221,2.5503788552406648,1.591990172895941,1.0685029716121217,3.0393885439129935,2.11394307476868,1.3568930701082025,0.8418454751002561,-0.6900000000000001,7.417411385606875,2.930351190244437,1.4213362350391479,4.736862953800049,7.109797541277533,0.0,6.923737199690624,5.563451491696996,18.19910120538483,5.022633313741326,0.0,0.0,0.0,5.749511833283905,11.600939890232516,4.736862953800049,0.0,0.0,0.0,6.923737199690624,7.109797541277533,28.78518601082315,0.0,5.749511833283905,11.600939890232516,4.736862953800049,0.0,0.0,0.0,0.0,11.600939890232516,30.68628989677245,5.022633313741326,7.109797541277533,5.749511833283905,0.0,0.0,0.0,0.0,8,0,1,0,0,0,0,0,0,1,0,10,4,0,0,3,3,0,1,2,1,0,0,0,0,3,1,0,0,3,3,0,0,0,0,1,0,0,0,0,0,0
0,"PKOFBDHYTMYVGJ-UHFFFAOYSA-N",0.29240000000000005,52.11890000000002,81.97333822136979,89.25999999999999,214.24599999999998,214.04121318,5,3,2,2,3,1,6,14,24,0,0,1,1,0,0,0,0,0,1,0,0,0.125,8.336241088731308,5.344970567160193,4.311995938644089,2.432448966515826,1.4466507388647196,3.7986510892386307,2.750572881176504,1.5032177331042573,0.9312109128908659,-1.4,10.679365079365079,3.76741819863568,2.823725286160249,10.455762341614273,14.324976713680442,14.817828337479405,0.0,6.923737199690624,29.160951749364216,0.0,0.0,0.0,5.687386274683562,0.0,0.0,13.212334168400758,0.0,0.0,5.138973737607942,11.819220675208399,5.316788604006331,24.26546827384644,0.0,0.0,21.61785715744265,5.316788604006331,4.794537184071822,13.556770721936878,0.0,0.0,0.0,24.26546827384644,12.611123474374185,4.895483475517775,0.0,0.0,15.930470882759089,0.0,0.0,8,0,0,0,0,1,0,2,0,3,0,14,5,3,0,3,3,0,2,8,5,3,2,0,0,5,1,1,1,4,2,0,0,0,0,1,0,0,0,0,0,0
0,"ZWVMLYRJXORSEP-UHFFFAOYSA-N",-0.49779999999999996,34.02939999999999,54.946662856400614,60.69,134.175,134.094294308,3,3,5,3,3,0,3,9,23,1,1,0,0,0,0,0,0,0,0,0,0,1.0,5.454524961622237,3.2071510027085632,2.055786405631318,1.1562107213122155,0.5830527193048576,3.2071510027085632,2.055786405631318,1.1562107213122155,0.5830527193048576,-0.12,8.880000000000003,6.006903553299494,5.755777447268796,0.0,34.63731250129626,0.0,0.0,19.26246486877803,0.0,0.0,0.0,0.0,0.0,0.0,0.0,15.319582184522117,0.0,0.0,0.0,25.36643125652633,13.213763929025836,0.0,0.0,0.0,0.0,15.319582184522117,0.0,0.0,0.0,0.0,0.0,19.26246486877803,6.606881964512918,12.71084835226122,0.0,0.0,0.0,0.0,0.0,6,0,0,0,0,0,0,0,0,3,0,9,8,0,0,0,0,0,5,6,3,3,3,0,0,3,5,1,0,0,0,0,0,0,0,0,0,0,0,0,0,0
0,"IANUJLZYFUDJIH-UHFFFAOYSA-N",3.5164000000000026,79.42800000000001,138.42330542410886,55.32000000000001,363.336,363.066460536,5,0,5,0,5,1,10,24,37,0,0,2,2,0,0,1,0,0,1,0,0,0.35714285714285715,13.488598257990775,7.6098444572342405,5.933525349143533,3.7385411892570275,2.469761299260414,6.793347876306514,4.993462020342893,2.8579661261462332,1.9074804986087273,-2.23,18.113624517308427,7.118487289121332,4.403763956681013,9.636772684650527,28.75326613961446,10.970835701515297,5.817220841045895,18.855098096234013,24.26546827384644,0.0,0.0,0.0,23.24904646538284,5.193684038439675,11.336785877934737,27.09306032857115,0.0,10.197363616602075,0.0,26.065613745972684,11.506791695363397,35.0903128117451,0.0,5.193684038439675,22.931351881969803,9.636772684650527,4.794537184071822,4.39041504767482,13.171245143024459,5.098681808301038,16.435467686235775,38.112942673227685,11.729227103831523,0.0,5.817220841045895,6.606881964512918,5.007623696852765,11.10086376779118,6.176298517443475,14,4,0,0,0,1,0,1,2,2,0,24,13,1,0,6,5,0,5,7,5,0,0,0,0,7,2,3,1,7,4,0,0,0,1,1,0,0,0,0,0,0
0,"UCSIFMPORANABL-UHFFFAOYSA-N",3.0378000000000016,48.53400000000003,70.18525215744278,17.07,156.26899999999998,156.15141526,1,0,6,0,1,0,1,11,31,1,1,0,0,0,0,0,0,0,0,0,0,0.9,7.9687262227789315,4.600746229819845,3.8322911524849723,1.9769918114073533,1.1566786899976313,4.600746229819845,3.8322911524849723,1.9769918114073533,1.1566786899976313,-0.33,10.67,6.384631410580163,7.567963120386223,0.0,6.286160523129555,4.794537184071822,11.835812092322787,46.4544980907759,0.0,0.0,0.0,0.0,0.0,0.0,0.0,4.794537184071822,0.0,0.0,11.835812092322787,46.4544980907759,0.0,0.0,0.0,0.0,6.286160523129555,4.794537184071822,0.0,0.0,0.0,0.0,40.0336764678499,11.835812092322787,6.4208216229260096,0.0,6.286160523129555,0.0,0.0,0.0,0.0,10,0,0,0,0,0,0,0,0,1,0,11,9,1,0,0,0,0,6,2,1,0,0,0,0,4,5,2,0,0,0,0,0,0,0,0,0,0,0,0,0,0
0,"FINOAUDUYKVGDS-UHFFFAOYSA-N",3.1544000000000016,56.96700000000005,87.02285046221365,26.3,198.30599999999993,198.161979944,2,0,1,0,2,0,2,14,36,2,2,1,0,1,1,0,0,0,0,1,1,0.9166666666666666,9.799624244053168,5.582455599715251,5.404859970999818,3.1322653481690326,2.4417719762602923,5.582455599715251,5.404859970999818,3.1322653481690326,2.4417719762602923,-0.53,11.544239049740165,4.327742239189577,3.000689757957182,0.0,12.073271675700152,9.53140013787187,11.332896515558172,53.378235290466534,0.0,0.0,0.0,0.0,0.0,0.0,0.0,9.53140013787187,0.0,0.0,11.332896515558172,59.482201678214835,0.0,0.0,0.0,0.0,5.969305287951849,4.736862953800049,4.794537184071822,0.0,0.0,0.0,27.19203322199788,24.67745533817481,12.841643245852017,0.0,6.103966387748303,0.0,0.0,0.0,5.969305287951849,12,0,0,0,0,0,0,0,0,2,0,14,7,1,0,6,0,0,1,4,2,0,0,0,0,5,1,1,1,4,2,0,0,0,0,1,0,0,0,0,0,0
0,"UMIKWXDGXDJQJK-UHFFFAOYSA-N",2.1334999999999997,56.753000000000036,89.05764523547103,43.370000000000005,206.24099999999999,206.094294308,3,0,4,0,3,0,3,15,29,0,0,1,1,0,0,0,0,0,1,0,0,0.3333333333333333,8.948359510523188,4.844970567160192,3.4396093503951524,1.9506689467010567,1.2104940174289818,4.844970567160192,3.4396093503951524,1.9506689467010567,1.2104940174289818,-1.6400000000000001,11.434850299401196,5.29268066852131,4.4018834547346515,4.736862953800049,11.75255023431679,16.00989599106965,0.0,25.831747514004253,24.26546827384644,0.0,0.0,0.0,0.0,5.749511833283905,0.0,14.325937321943691,0.0,0.0,0.0,26.689117645233267,0.0,29.828919765543436,0.0,5.749511833283905,11.75255023431679,9.53140013787187,4.794537184071822,0.0,0.0,0.0,12.13273413692322,31.040744451236847,13.344558822616634,0.0,11.532756779648844,0.0,0.0,0.0,5.969305287951849,12,0,0,0,0,0,0,0,0,3,0,15,7,2,0,3,3,0,4,6,3,0,0,0,0,4,3,2,0,4,2,0,0,0,0,1,0,0,0,0,0,0
0,"GXMWLJKTGBZMBH-UHFFFAOYSA-N",2.6205000000000007,47.801800000000014,79.72357565429331,37.3,205.04,203.974484792,2,1,2,1,1,0,4,12,18,0,0,1,1,0,0,0,0,0,1,0,0,0.125,7.56240631277461,4.006765014908725,3.1498826417596635,1.9437349310478094,1.3032787473651164,3.2508360688902704,2.3062467345470736,1.3567893170678669,0.8279695080549341,-0.73,9.358731144631765,3.784877586546292,2.395055862407914,0.0,11.075832682792555,11.21535880699783,0.0,5.563451491696996,18.19910120538483,10.045266627482652,0.0,0.0,0.0,0.0,23.20187978046503,9.901064578912528,0.0,0.0,0.0,6.4208216229260096,0.0,33.80781932456448,0.0,0.0,29.171185068416882,5.106527394840706,4.794537184071822,0.0,0.0,0.0,29.26824684892664,17.696185628620217,10.045266627482652,6.4208216229260096,0.0,0.0,0.0,0.0,5.969305287951849,8,0,2,0,0,0,0,0,0,2,0,12,5,1,0,3,3,0,2,4,2,1,1,0,0,4,1,1,0,3,3,0,0,0,0,1,0,0,0,0,0,0
0,"PXXJHWLDUBFPOL-UHFFFAOYSA-N",0.9706700000000001,37.458100000000016,53.82158693017108,49.870000000000005,120.15499999999997,120.06874825599999,2,3,1,2,1,0,2,9,17,0,0,1,1,0,0,0,0,0,1,0,0,0.0,4.964101615137754,2.6993587371177723,1.779700538379252,1.084793302312713,0.6177112307509451,2.6993587371177723,1.779700538379252,1.084793302312713,0.6177112307509451,-1.31,5.820039011703511,2.306763635550358,1.2877050319358112,5.733667477162185,5.835619785757269,0.0,5.409283605791522,5.563451491696996,30.33183534230805,0.0,0.0,0.0,0.0,0.0,0.0,0.0,5.409283605791522,0.0,5.733667477162185,0.0,0.0,35.89528683400505,0.0,0.0,5.835619785757269,5.733667477162185,5.409283605791522,0.0,0.0,0.0,30.33183534230805,0.0,5.563451491696996,0.0,5.835619785757269,0.0,0.0,0.0,0.0,7,0,0,0,0,0,0,2,0,0,0,9,2,1,0,3,3,0,1,2,2,3,2,0,0,2,0,1,0,5,1,0,0,0,0,1,0,0,0,0,0,0
0,"NPFVOOAXDOBMCE-PLNGDYQASA-N",1.9058,40.681000000000004,61.87931012597218,26.3,142.198,142.099379688,2,0,4,0,2,0,2,10,24,0,0,0,0,0,0,0,0,0,0,0,0,0.625,6.5925174628666205,3.553860120506283,2.0083712821762423,0.9922119289388583,0.5552134829899131,3.553860120506283,2.0083712821762423,0.9922119289388583,0.5552134829899131,-0.79,9.210000000000003,6.331802679658953,7.210000000000004,0.0,12.576187252464766,9.53140013787187,0.0,26.689117645233267,12.152040213667762,0.0,0.0,0.0,0.0,0.0,0.0,9.53140013787187,0.0,0.0,0.0,26.689117645233267,6.606881964512918,12.152040213667762,0.0,0.0,5.969305287951849,4.736862953800049,4.794537184071822,0.0,0.0,0.0,19.075777413358388,12.841643245852019,6.923737199690624,6.606881964512918,0.0,0.0,0.0,0.0,5.969305287951849,8,0,0,0,0,0,0,0,0,2,0,10,7,2,0,0,0,0,4,4,2,0,0,0,0,3,6,1,0,0,0,0,0,0,0,0,0,0,0,0,0,0
0,"CXHFIVFPHDGZIS-UHFFFAOYSA-N",4.2797,44.40000000000001,97.31561834719234,0.0,373.9839999999999,373.921402108,0,0,4,0,0,0,10,16,20,0,0,0,0,0,0,0,0,0,0,0,0,1.0,9.351356583641689,5.097236433136386,3.8687252851532525,2.1575769282909123,1.3607761982145323,3.57165476104722,2.7899761395650917,1.6182023554968317,0.6833600594961089,0.09999999999999992,16.100000000000005,4.406909763509051,2.501732819139588,0.0,28.371438424021616,0.0,0.0,6.4208216229260096,0.0,0.0,0.0,0.0,39.513735429073385,0.0,22.590870627068057,39.513735429073385,0.0,0.0,0.0,30.364707644653215,4.42755240229441,0.0,0.0,0.0,22.590870627068057,0.0,0.0,0.0,39.513735429073385,0.0,22.590870627068057,0.0,10.84837402522042,0.0,0.0,0.0,0.0,0.0,23.943886021727206,6,9,0,0,1,0,0,0,0,0,0,16,15,0,0,0,0,0,4,0,0,0,0,0,0,10,2,0,4,0,0,0,0,0,0,0,0,0,0,0,0,0
0,"WRDWWAVNELMWAM-UHFFFAOYSA-N",2.566300000000001,49.55440000000003,68.23106227409612,26.02,149.237,149.12044948,1,2,0,1,1,0,1,11,26,0,0,1,1,0,0,0,0,0,1,0,0,0.4,7.38675134594813,3.8600423396407324,3.8720084679281452,1.776709006307399,0.983119579039258,3.8600423396407324,3.8720084679281452,1.776709006307399,0.983119579039258,-0.98,8.119800399201598,2.571671007675518,1.970338740534148,5.733667477162185,0.0,5.41499046939678,0.0,26.334663090768867,24.26546827384644,0.0,0.0,0.0,5.687386274683562,0.0,0.0,0.0,0.0,0.0,0.0,26.186202068468653,5.733667477162185,29.828919765543436,0.0,0.0,5.687386274683562,5.733667477162185,0.0,0.0,0.0,0.0,32.903945735995094,23.111176098016994,5.687386274683562,0.0,0.0,0.0,0.0,0.0,0.0,10,0,0,0,0,0,0,1,0,0,0,11,5,0,0,3,3,0,0,1,1,2,1,0,0,4,0,0,1,4,2,0,0,0,0,1,0,0,0,0,0,0
0,"CHQOEHPMXSHGCL-UHFFFAOYSA-N",3.6559000000000026,107.06300000000005,157.89276783671866,23.55,365.52200000000016,365.16821084009,3,0,4,0,1,2,4,26,51,4,4,5,2,3,3,0,3,3,2,0,0,0.4090909090909091,15.775614539439793,11.250985874842174,10.07843817749244,9.079990928426307,8.256316575640449,9.62488081567189,7.656442736255473,6.126406835685907,4.9637943149338515,-1.9399999999999995,16.249458593209035,6.656292975553579,2.7123865744644973,0.0,44.670260875810705,23.984493562594388,0.0,23.968546229246012,60.6636706846161,0.0,0.0,0.0,4.794537184071822,0.0,0.0,4.794537184071822,0.0,9.799819461700956,0.0,43.26477574595526,11.505707213493578,71.7905736680101,0.0,0.0,16.92609526310731,9.799819461700956,0.0,4.794537184071822,0.0,0.0,60.6636706846161,28.44270535708924,19.510334434751158,0.0,28.839326901771674,0.0,0.0,0.0,6.031114512338072,22,0,0,0,0,1,0,0,2,1,0,26,4,1,0,19,6,0,4,4,3,0,0,0,1,1,2,0,0,14,9,0,0,0,3,2,0,0,0,0,4,2
